id,name,country,founding_date,description,company_id
0,Mayer and Sons,Sweden,2021-06-11T02:09:34Z,Secured scalable standardization,1
1,Bartoletti and Sons,,,Sharable contextually-based instruction set,2
2,"West, Abernathy and Monahan",Azerbaijan,2021-01-27T00:08:32Z,,3
3,Pagac-Bechtelar,Indonesia,,,4
4,Kertzmann-McDermott,Ukraine,2019-04-30T00:09:45Z,Optional holistic standardization,5
5,Schaefer-Schaden,China,2019-09-15T03:56:35Z,Right-sized discrete structure,6
6,"Hegmann, Kautzer and Schoen",Mongolia,2018-11-03T19:17:21Z,Integrated zero administration synergy,7
7,Casper and Sons,China,2019-03-20T20:58:48Z,Cross-platform stable project,8
8,Huel-Nader,Portugal,2020-07-17T18:26:14Z,Fully-configurable asymmetric application,9
9,Kemmer Group,,2018-10-24T09:38:52Z,Progressive stable benchmark,10
10,Roob-Blick,Guatemala,,Versatile impactful hierarchy,11
11,Donnelly-Volkman,Botswana,2019-07-11T21:39:54Z,Customer-focused responsive system engine,12
12,Kassulke-Schumm,,2021-09-03T08:09:20Z,,13
13,Kutch-Cremin,Swaziland,2019-05-03T22:11:38Z,Fully-configurable mobile approach,14
14,Abbott-Lueilwitz,Indonesia,2020-01-24T16:15:12Z,,15
15,Wintheiser-Klocko,United States,2020-08-04T04:43:16Z,Optimized mission-critical middleware,16
16,Koepp Group,,2020-07-26T22:32:17Z,Expanded national artificial intelligence,17
17,"Stanton, Rolfson and Kris",Portugal,2020-09-15T03:15:10Z,Synergistic 3rd generation database,18
18,Huel Inc,Israel,2019-10-23T09:17:27Z,Open-source high-level superstructure,19
19,Ruecker-Mayert,Cambodia,2019-07-13T06:39:36Z,Multi-layered 3rd generation software,20
20,Romaguera-Skiles,Palestinian Territory,2019-11-06T19:54:34Z,Monitored even-keeled strategy,21
21,Pagac Group,China,2019-06-09T15:12:07Z,Adaptive 5th generation local area network,22
22,"Reinger, Wiegand and Hermiston",Afghanistan,,,23
23,Cremin Group,Vietnam,2020-06-09T04:40:45Z,Open-source client-driven software,24
24,"Walter, Klocko and Ullrich",China,2021-04-29T10:32:04Z,Progressive heuristic matrices,25
25,Terry-Hartmann,Colombia,2019-05-10T15:11:37Z,Synergized local functionalities,26
26,Cormier-Kihn,Philippines,2018-09-28T21:24:32Z,,27
27,Hane LLC,China,2019-01-29T19:13:21Z,Switchable global website,28
28,"Lehner, Johnston and Sipes",,2019-09-20T12:49:12Z,,29
29,"Kling, Huel and Bogan",France,2019-01-15T22:57:21Z,,30
30,Hoppe Inc,China,2021-06-18T14:18:04Z,Object-based non-volatile architecture,31
31,Stark-Prosacco,,2019-01-30T11:18:15Z,Programmable bottom-line open system,32
32,"Emard, Borer and Gutkowski",Afghanistan,2019-08-09T12:15:02Z,Open-architected analyzing workforce,33
33,"Schamberger, Turner and Lemke",Zimbabwe,2018-10-24T00:58:41Z,Extended context-sensitive matrix,34
34,Larkin Group,Russia,2021-06-13T06:47:12Z,Operative even-keeled artificial intelligence,35
35,West Inc,Austria,2018-10-21T18:08:08Z,,36
36,"Becker, Carroll and D'Amore",Sweden,2021-10-25T16:42:27Z,Innovative client-driven synergy,37
37,Mayert Inc,Armenia,2019-12-21T21:17:07Z,Balanced web-enabled customer loyalty,38
38,Jakubowski Group,China,2021-04-27T22:34:40Z,De-engineered asynchronous methodology,39
39,Carter-Schaefer,China,,Synchronised hybrid forecast,40
40,Wyman and Sons,,2020-08-07T02:01:59Z,Organic client-driven alliance,41
41,Bartell-Altenwerth,Nigeria,2019-05-16T16:27:18Z,Customizable directional parallelism,42
42,Fay Group,China,,Team-oriented zero administration encoding,43
43,Schmidt-Runte,Papua New Guinea,2021-01-13T00:45:10Z,Future-proofed content-based info-mediaries,44
44,Hudson-Padberg,France,2020-05-03T11:17:15Z,,45
45,Boyer-Christiansen,Philippines,2019-07-11T20:07:07Z,,46
46,Kemmer and Sons,China,2019-05-30T16:55:51Z,Monitored zero tolerance matrix,47
47,Quigley and Sons,,2021-03-07T01:25:06Z,Persistent background open architecture,48
48,Volkman-Lemke,Czech Republic,2021-04-30T13:24:42Z,Cross-platform context-sensitive analyzer,49
49,Wolff-Pouros,Brazil,2019-10-18T20:54:32Z,Re-contextualized user-facing utilisation,50
50,"Heller, Kris and Flatley",Philippines,2020-06-30T11:18:05Z,,51
51,Harris-Bosco,China,2021-08-22T06:04:09Z,Profound methodical process improvement,52
52,Erdman and Sons,Indonesia,2021-04-22T08:51:08Z,Virtual methodical strategy,53
53,"Sporer, Cassin and Bahringer",United States,2019-01-30T03:34:52Z,Focused 4th generation moderator,54
54,"Pacocha, Macejkovic and Breitenberg",Armenia,2019-02-13T14:53:47Z,Expanded bandwidth-monitored attitude,55
55,"Ullrich, Herzog and Schowalter",Japan,2019-05-21T20:44:22Z,Mandatory bandwidth-monitored superstructure,56
56,"Doyle, Runte and Collins",Netherlands,2020-10-28T13:04:29Z,Fundamental national productivity,57
57,"Medhurst, Legros and Kihn",Philippines,2019-12-01T08:41:17Z,Down-sized heuristic productivity,58
58,"Bartell, Reynolds and Wolf",China,2021-08-21T16:34:41Z,Upgradable intangible matrix,59
59,VonRueden-Murazik,Finland,2021-09-23T18:46:32Z,,60
60,Heller Inc,,2019-03-21T17:52:19Z,,61
61,Howell Group,Ukraine,2019-04-27T20:09:48Z,Focused clear-thinking moratorium,62
62,Kerluke Group,Nicaragua,2020-09-16T01:22:33Z,Secured modular throughput,63
63,Weissnat Inc,,2021-01-13T08:54:54Z,,64
64,Vandervort Group,Czech Republic,2019-12-14T10:00:05Z,User-centric radical Graphical User Interface,65
65,"Kunze, Schiller and Fay",Russia,2020-09-22T00:51:35Z,Advanced zero administration local area network,66
66,"Brown, Little and Sanford",France,2019-12-07T13:55:43Z,Optional grid-enabled software,67
67,"Hermann, Waters and Bechtelar",China,2020-06-30T18:40:41Z,Quality-focused 6th generation structure,68
68,Senger-Roob,Philippines,2019-01-19T07:21:52Z,Virtual maximized implementation,69
69,Feil and Sons,Portugal,2020-05-11T10:37:33Z,Distributed systemic forecast,70
70,Wolff-Senger,Malaysia,2019-06-06T13:34:49Z,Expanded neutral moderator,71
71,Bergstrom Group,,2019-05-03T13:12:48Z,Enhanced disintermediate orchestration,72
72,Rosenbaum-Crist,,,Configurable incremental complexity,73
73,"Stamm, Schneider and Runte",Philippines,2020-07-04T22:04:24Z,Public-key system-worthy internet solution,74
74,"Pfannerstill, Pagac and Runolfsdottir",Ecuador,2019-03-21T16:55:47Z,Ergonomic systemic concept,75
75,White-Bergnaum,Mongolia,2019-11-30T13:01:15Z,,76
76,"Trantow, Hartmann and Hand",Uruguay,2020-01-01T20:37:26Z,Seamless asynchronous service-desk,77
77,"Ferry, Hahn and Lemke",Indonesia,2021-02-18T11:39:05Z,Organic web-enabled synergy,78
78,"Hessel, Bednar and Abernathy",China,,Future-proofed reciprocal moderator,79
79,"Schuster, Hilpert and Williamson",China,2020-12-18T03:16:21Z,,80
80,Grant-Corwin,Panama,,,81
81,"Wyman, O'Hara and Murazik",Madagascar,2019-11-22T07:01:12Z,,82
82,Nader Inc,Poland,2019-11-07T22:19:06Z,Phased even-keeled monitoring,83
83,"Stark, Konopelski and Runolfsson",Yemen,,,84
84,"Kassulke, Hermann and Runte",Indonesia,2021-11-01T03:06:55Z,User-centric homogeneous conglomeration,85
85,Leannon-Langworth,Russia,2020-07-09T16:53:21Z,Multi-layered foreground moderator,86
86,Sporer-Jerde,,,Universal multi-tasking interface,87
87,Blanda-Schulist,Indonesia,2020-05-26T18:57:10Z,Re-engineered regional system engine,88
88,Anderson-Labadie,,2020-07-08T17:33:17Z,Exclusive scalable alliance,89
89,"Walsh, Armstrong and Bartoletti",Peru,2021-07-29T17:50:06Z,Distributed background intranet,90
90,Hamill LLC,China,2020-07-08T21:20:33Z,Synchronised needs-based hardware,91
91,"Shanahan, Abshire and Bins",Russia,2020-07-09T08:04:37Z,,92
92,"Reilly, Swaniawski and Dare",China,2020-09-05T07:06:31Z,,93
93,Prosacco-Goyette,France,2020-11-14T16:12:14Z,,94
94,Barrows-Lesch,United States,2021-01-02T07:43:11Z,Integrated multi-state success,95
95,Zemlak Inc,Japan,2021-10-18T01:02:14Z,,96
96,Kulas LLC,,2020-10-23T07:16:29Z,Versatile fault-tolerant open architecture,97
97,"Prosacco, Kuhlman and Dooley",France,,Digitized stable open system,98
98,"Blanda, Sporer and Kovacek",France,2018-09-07T04:26:14Z,,99
99,Haley-Davis,Russia,2019-05-10T07:56:38Z,Function-based multi-state standardization,100
100,"Kilback, Effertz and Grimes",Philippines,2019-02-17T15:53:19Z,,101
101,"Ondricka, Gutmann and Haag",China,2018-12-31T22:36:14Z,Managed interactive throughput,102
102,Breitenberg Group,,2020-03-13T19:41:25Z,Distributed 5th generation intranet,103
103,Bosco-Kihn,Bulgaria,2019-11-01T12:15:38Z,Fundamental executive ability,104
104,"VonRueden, Skiles and Bashirian",China,2019-05-16T04:34:38Z,Pre-emptive mobile methodology,105
105,"Herman, Stroman and Schmidt",China,2019-01-04T17:14:36Z,Distributed mission-critical paradigm,106
106,Rolfson Group,Portugal,2021-10-17T11:11:08Z,Function-based client-driven monitoring,107
107,"O'Kon, Williamson and Simonis",,,,108
108,Doyle-Williamson,Indonesia,2018-11-26T04:09:46Z,,109
109,Stehr and Sons,Russia,,Persistent 6th generation service-desk,110
110,"Olson, O'Hara and Hintz",Colombia,2020-10-05T07:11:01Z,Programmable didactic help-desk,111
111,Bartoletti-Monahan,Slovenia,2019-08-12T01:49:50Z,Virtual executive task-force,112
112,Oberbrunner Inc,Bangladesh,2019-03-14T11:59:07Z,Networked eco-centric hierarchy,113
113,Dach-Runolfsson,Armenia,2020-06-22T20:02:01Z,Virtual transitional challenge,114
114,Hackett LLC,China,2021-04-15T01:00:03Z,Expanded global circuit,115
115,Heathcote-Powlowski,China,2021-02-17T19:36:01Z,Self-enabling systematic secured line,116
116,Douglas Inc,Indonesia,,Extended discrete approach,117
117,"Hammes, Turner and Paucek",Indonesia,2021-09-29T08:48:33Z,Decentralized content-based secured line,118
118,Herman-Hand,Poland,2021-05-07T22:47:21Z,Persevering bandwidth-monitored hub,119
119,Wiza-Collier,China,2021-02-04T23:57:39Z,Self-enabling 5th generation concept,120
120,Nader LLC,China,2019-07-18T10:29:27Z,Diverse static encryption,121
121,"Nienow, Stehr and Johns",Greece,2021-11-05T03:45:02Z,Robust full-range open system,122
122,"Durgan, Douglas and Lehner",Ukraine,2021-05-14T04:22:34Z,Re-engineered zero tolerance archive,123
123,Volkman-Trantow,China,2021-10-23T14:14:58Z,Polarised high-level structure,124
124,Oberbrunner-Boyer,Russia,2018-09-16T23:31:10Z,Mandatory static alliance,125
125,"Abshire, D'Amore and Wuckert",Philippines,2021-10-22T11:07:22Z,Progressive user-facing attitude,126
126,"Mitchell, Nolan and Blick",Indonesia,2020-08-06T02:00:04Z,Re-contextualized composite forecast,127
127,"Beahan, Boyle and Streich",Poland,2018-10-09T05:42:04Z,Front-line didactic solution,128
128,Schuppe Group,,2021-04-11T18:23:36Z,Persevering fault-tolerant implementation,129
129,Denesik and Sons,Brazil,2021-02-26T06:04:40Z,Horizontal 4th generation attitude,130
130,Schamberger-Metz,Slovenia,2020-01-26T10:14:30Z,Optimized 3rd generation emulation,131
131,Konopelski Inc,Poland,2020-03-11T12:59:08Z,,132
132,Ratke LLC,China,2020-07-24T14:39:49Z,,133
133,Gutkowski-Beahan,Albania,,Centralized incremental focus group,134
134,Farrell-D'Amore,,,Managed coherent parallelism,135
135,Wolf and Sons,Indonesia,2021-08-19T01:23:52Z,Fundamental motivating archive,136
136,"Howell, Wehner and Dicki",Tajikistan,2020-09-10T01:18:49Z,Assimilated homogeneous interface,137
137,Bradtke and Sons,Vietnam,,,138
138,Bergnaum-Corwin,,2021-05-22T19:43:53Z,Automated multimedia internet solution,139
139,Treutel-Johns,Japan,2020-05-25T07:10:17Z,Robust holistic policy,140
140,Brekke-Stracke,Philippines,2020-09-28T11:07:56Z,,141
141,"Romaguera, Kertzmann and Daugherty",Poland,2021-03-11T13:28:55Z,Public-key disintermediate toolset,142
142,"Grimes, Gerlach and Gleichner",China,2020-07-26T03:06:55Z,,143
143,"Larson, Thiel and Schowalter",Russia,2019-12-04T17:57:52Z,Synergized radical groupware,144
144,"Veum, Rosenbaum and Runolfsdottir",Peru,2020-02-01T17:54:44Z,Automated motivating capability,145
145,Brakus-Purdy,Peru,2021-11-03T14:45:25Z,Digitized stable product,146
146,O'Connell-Rowe,,2019-05-04T07:12:26Z,Automated stable system engine,147
147,"Conn, Lehner and Lynch",China,2019-05-23T12:32:23Z,Sharable maximized attitude,148
148,Christiansen-Toy,Finland,2021-10-17T12:33:36Z,,149
149,"Nicolas, Wolff and Balistreri",Central African Republic,2019-01-16T03:29:18Z,,150
150,"Pouros, Bode and Brown",Poland,2019-12-28T14:58:00Z,Advanced multimedia solution,151
151,Wiegand-Kerluke,Poland,2020-02-28T01:00:50Z,Synergized 6th generation definition,152
152,"Metz, Champlin and Walsh",South Korea,2019-10-31T11:40:03Z,Intuitive analyzing encoding,153
153,"Kilback, Parker and Grimes",Indonesia,,Ergonomic content-based emulation,154
154,Dach-Cartwright,Ukraine,2021-03-27T22:19:03Z,Up-sized systematic benchmark,155
155,Okuneva Group,Bosnia and Herzegovina,2019-08-03T17:39:26Z,Ergonomic non-volatile frame,156
156,Nolan LLC,Portugal,2018-09-02T00:06:55Z,User-centric disintermediate circuit,157
157,"DuBuque, Beer and Walsh",Colombia,2021-09-15T07:47:14Z,Reduced contextually-based migration,158
158,"Bergstrom, Marvin and Turcotte",Portugal,2020-01-04T15:31:08Z,Organized high-level emulation,159
159,Johnson LLC,Finland,2021-02-14T13:21:27Z,Centralized 24/7 workforce,160
160,Halvorson-Halvorson,Canada,,Cloned 24 hour productivity,161
161,"Reynolds, Parisian and Trantow",Slovenia,2021-07-11T11:44:44Z,Innovative 3rd generation workforce,162
162,Muller-Turcotte,France,2020-02-16T04:56:00Z,,163
163,Hirthe-Padberg,Colombia,2020-08-22T12:12:14Z,Advanced disintermediate process improvement,164
164,Lubowitz Group,Serbia,,Enterprise-wide cohesive process improvement,165
165,Rutherford LLC,Philippines,2019-07-18T09:25:33Z,Universal fresh-thinking project,166
166,Abbott Group,Brazil,,Optional directional application,167
167,"Predovic, Grimes and Greenfelder",Canada,2018-10-31T10:05:59Z,Configurable dynamic encryption,168
168,"Wunsch, Gerlach and Heathcote",Portugal,2020-06-10T06:05:42Z,,169
169,Dietrich Group,,2020-04-22T03:30:12Z,,170
170,Hudson-Aufderhar,Paraguay,2019-12-11T03:11:51Z,Re-engineered bi-directional moratorium,171
171,Shanahan LLC,,2021-08-17T13:05:00Z,,172
172,Zboncak-Botsford,China,2018-10-14T10:49:31Z,Streamlined 4th generation Graphic Interface,173
173,Gorczany-Braun,Finland,2021-05-21T16:40:49Z,Vision-oriented solution-oriented Graphic Interface,174
174,Haag and Sons,Dominican Republic,2019-07-19T05:41:40Z,,175
175,Raynor-Sauer,,,,176
176,Bradtke Group,Japan,2021-03-26T15:46:47Z,,177
177,Emard and Sons,Mauritius,2019-08-29T07:59:54Z,Diverse national customer loyalty,178
178,White-Hilll,Mexico,2018-12-19T23:55:13Z,Mandatory multimedia archive,179
179,Parker-Bayer,France,2020-04-17T07:21:51Z,De-engineered homogeneous forecast,180
180,"Rath, Keeling and Upton",Tunisia,2020-10-16T13:50:12Z,Virtual system-worthy archive,181
181,"Funk, Zemlak and Rau",Brazil,,Balanced executive core,182
182,Schaden-Ankunding,Japan,2020-01-24T05:45:39Z,Re-engineered needs-based circuit,183
183,Cremin LLC,Indonesia,,Universal system-worthy benchmark,184
184,Fritsch-Anderson,China,2020-12-24T01:02:53Z,Distributed national data-warehouse,185
185,"Ullrich, Cassin and Crona",China,2021-02-21T12:46:29Z,Intuitive optimal migration,186
186,Nikolaus-Lockman,Russia,2020-08-15T01:53:59Z,Face to face systemic knowledge user,187
187,"Rippin, Collier and Hane",Ukraine,2018-09-08T08:33:37Z,Extended well-modulated model,188
188,O'Kon Group,,2020-08-26T08:06:42Z,,189
189,"Armstrong, Hegmann and Feest",,2019-07-01T04:02:03Z,Multi-lateral grid-enabled application,190
190,"Feil, Willms and Kub",Indonesia,2021-05-11T04:34:14Z,Compatible exuding methodology,191
191,Fahey Inc,Canada,2018-09-03T00:01:08Z,Fully-configurable bifurcated concept,192
192,Rippin-Thompson,United Arab Emirates,,Phased asynchronous matrices,193
193,"Lind, Thompson and Pfeffer",,2018-10-08T10:01:31Z,Seamless uniform time-frame,194
194,Murray and Sons,China,2021-10-17T06:52:18Z,Persistent high-level process improvement,195
195,Toy Inc,Philippines,2019-04-25T16:55:57Z,Optimized non-volatile adapter,196
196,"Weissnat, Kreiger and Parker",South Africa,2021-02-11T04:08:54Z,Face to face client-server architecture,197
197,Wiza LLC,Canada,2021-05-15T18:22:19Z,Extended didactic adapter,198
198,Towne Group,Brazil,2021-08-12T23:58:44Z,Focused directional initiative,199
199,Anderson-Hahn,Philippines,2021-05-19T14:46:27Z,Sharable 3rd generation portal,200
200,McKenzie-Price,Russia,2020-09-08T11:46:22Z,Networked bandwidth-monitored solution,201
201,Haag-Rowe,Sweden,2019-09-28T16:14:58Z,,202
202,Bins-Hartmann,Thailand,2019-03-31T12:14:57Z,Open-source human-resource open architecture,203
203,"Macejkovic, Simonis and Rice",Colombia,2020-02-20T21:11:26Z,,204
204,Kreiger Group,Colombia,2019-03-15T06:29:59Z,Diverse foreground application,205
205,"Bednar, Parker and Beer",Dominican Republic,2018-09-05T04:57:37Z,Optimized didactic intranet,206
206,Stamm-Volkman,France,2021-05-15T01:01:17Z,Innovative full-range local area network,207
207,Flatley and Sons,Russia,,,208
208,Hermann-Johnston,China,2019-10-02T03:18:18Z,,209
209,Dicki-Hudson,China,2021-09-06T08:53:50Z,Integrated executive open system,210
210,"Jacobi, Wolff and Marvin",China,2021-06-08T06:48:43Z,Open-source eco-centric time-frame,211
211,Pouros Inc,China,2020-06-10T01:54:52Z,Organic multi-state policy,212
212,Ondricka-Wyman,Indonesia,,Realigned fault-tolerant budgetary management,213
213,Smitham LLC,Curacao,2019-08-24T14:19:59Z,Object-based leading edge process improvement,214
214,"Beier, Schumm and Padberg",Macedonia,2019-07-24T21:38:21Z,Sharable 6th generation task-force,215
215,Haley Inc,China,2020-06-20T03:11:10Z,Automated logistical contingency,216
216,"Stoltenberg, Crooks and Armstrong",Yemen,2021-05-28T06:56:36Z,Automated zero tolerance orchestration,217
217,Hahn-Price,Brazil,2020-10-02T11:28:40Z,Total 24 hour intranet,218
218,Carroll-Lebsack,China,2019-07-18T18:36:36Z,,219
220,"Lakin, Fahey and Boyer",Vietnam,2021-06-22T17:39:23Z,Programmable actuating instruction set,221
221,"Pouros, Ratke and Watsica",Russia,2018-09-20T17:36:57Z,Intuitive clear-thinking moratorium,222
222,Gulgowski LLC,China,2021-03-06T01:42:02Z,Re-contextualized bi-directional installation,223
223,Fisher-Sanford,Indonesia,2019-07-03T02:04:40Z,Focused intangible artificial intelligence,224
224,Parker-Bartoletti,Argentina,2019-01-17T07:08:02Z,Future-proofed systematic conglomeration,225
225,"Fay, Will and Barton",Cuba,2020-02-03T12:36:45Z,Realigned dedicated database,226
226,Orn-Simonis,Russia,2021-06-08T00:14:31Z,Multi-lateral holistic secured line,227
227,Stark Inc,Honduras,,Down-sized 24 hour core,228
228,"Bins, Rodriguez and Predovic",United States,2020-07-12T14:26:04Z,Exclusive optimizing contingency,229
229,Kub Inc,China,2020-01-13T22:57:18Z,De-engineered content-based process improvement,230
230,"Hammes, Crona and Wolff",Colombia,2019-04-29T04:15:36Z,Object-based solution-oriented superstructure,231
231,Schamberger-Grimes,Sweden,2020-07-16T13:27:36Z,Balanced interactive protocol,232
232,"Pacocha, Sawayn and Walker",Afghanistan,2019-06-03T20:41:24Z,,233
233,Weimann-Vandervort,Indonesia,2019-03-15T15:37:04Z,Cloned upward-trending open architecture,234
234,Kemmer LLC,Indonesia,2020-02-22T21:32:54Z,Implemented human-resource frame,235
235,Kutch Inc,United States,2020-06-28T18:04:16Z,Stand-alone neutral installation,236
236,Tromp Inc,Belarus,2019-01-01T16:24:44Z,,237
237,Morissette-Senger,Pakistan,,Multi-tiered homogeneous neural-net,238
238,"Toy, Becker and Bins",Indonesia,,Sharable maximized open system,239
239,Ziemann Inc,China,,Re-contextualized well-modulated focus group,240
240,"Hoeger, Vandervort and Thompson",,2019-10-19T16:36:30Z,Fundamental 4th generation structure,241
241,King-Schmeler,Serbia,,Digitized web-enabled function,242
242,Gorczany LLC,Bulgaria,2019-11-19T05:19:43Z,Enhanced 24 hour data-warehouse,243
243,Beahan-Mertz,Indonesia,2018-10-10T03:16:20Z,Open-source value-added artificial intelligence,244
244,Stark Group,Russia,2021-04-02T20:17:31Z,Secured optimal support,245
245,"Collier, Purdy and Considine",Portugal,2020-02-20T08:58:30Z,Intuitive stable interface,246
246,"Torp, Bartell and Hodkiewicz",Indonesia,2021-11-23T22:57:54Z,Face to face background encoding,247
247,"Gottlieb, Kihn and Berge",China,2019-01-06T07:54:02Z,Progressive radical utilisation,248
248,O'Connell Group,China,2019-12-16T12:42:51Z,Focused motivating matrix,249
249,"Kihn, Abbott and Donnelly",Angola,2019-09-24T22:51:54Z,User-centric static migration,250
250,"Satterfield, MacGyver and Cummerata",Argentina,,Progressive clear-thinking artificial intelligence,251
251,"Bogisich, Bosco and Jacobson",China,2020-02-26T19:35:05Z,Profit-focused coherent analyzer,252
252,Gleichner-Armstrong,,2021-09-11T02:09:30Z,Front-line hybrid task-force,253
253,"Kuvalis, Friesen and Dach",Russia,2021-03-02T17:00:49Z,Self-enabling multimedia conglomeration,254
254,"Leuschke, O'Conner and Dickens",Indonesia,2020-05-23T08:41:43Z,Cross-group tertiary framework,255
255,Block and Sons,Croatia,2021-09-29T02:33:06Z,Total zero administration frame,256
256,Schumm-Jones,Bhutan,2020-02-05T11:30:17Z,Secured object-oriented throughput,257
257,"Rutherford, Gibson and Bailey",Vietnam,2019-10-24T22:05:41Z,Re-engineered needs-based intranet,258
258,Cruickshank-Wiegand,Indonesia,2021-05-14T10:02:30Z,Visionary multi-tasking matrix,259
259,Funk-Rau,China,2020-05-18T16:10:04Z,Horizontal bandwidth-monitored project,260
260,Buckridge LLC,France,2020-04-27T09:55:51Z,Implemented intermediate hub,261
261,"Walter, Murazik and Flatley",,2019-11-21T18:44:31Z,Reverse-engineered intangible policy,262
262,"Dach, Volkman and Crist",Indonesia,2019-04-19T20:05:26Z,Multi-lateral scalable archive,263
263,Hudson Inc,China,2020-10-13T20:12:48Z,Networked foreground infrastructure,264
264,Farrell-Wintheiser,Brazil,2019-01-02T05:48:32Z,Profound mobile support,265
265,Morar Group,China,2021-10-02T20:07:03Z,Phased bottom-line algorithm,266
266,Ankunding-Rogahn,United States,,Universal reciprocal orchestration,267
267,Jaskolski and Sons,Gabon,2020-04-06T13:41:01Z,Customer-focused disintermediate model,268
268,Kerluke Inc,Brazil,2020-05-31T07:08:00Z,Cross-group tangible structure,269
269,"Ebert, Labadie and Robel",Indonesia,,Balanced empowering array,270
270,Leuschke-Larkin,Russia,2020-01-13T20:37:50Z,Implemented homogeneous algorithm,271
271,Armstrong LLC,Greece,2019-12-24T21:46:50Z,Up-sized zero administration framework,272
272,"Pagac, Nikolaus and Mueller",China,,Organized 24/7 utilisation,273
273,"Swaniawski, Abshire and Leffler",Indonesia,,Networked global hub,274
274,"Ullrich, Shanahan and Dickinson",United States,2019-09-28T11:35:11Z,Optional logistical initiative,275
275,Murphy-Watsica,Brazil,2021-07-25T22:41:54Z,Mandatory cohesive challenge,276
276,"Osinski, Walsh and Krajcik",Greece,2021-05-25T12:18:32Z,Monitored next generation array,277
277,"Dibbert, Bogan and Parker",Armenia,2020-07-28T08:05:51Z,Adaptive leading edge task-force,278
278,Thompson Group,France,,Face to face cohesive application,279
279,"Ernser, Swift and Toy",China,2019-05-15T10:35:38Z,Upgradable 5th generation artificial intelligence,280
280,Grant Group,Poland,,Adaptive scalable artificial intelligence,281
281,Schmeler-Tillman,Finland,2020-04-22T01:25:35Z,Reduced intangible matrices,282
282,"Hermann, Hodkiewicz and Greenholt",,2020-02-15T03:26:21Z,Re-engineered object-oriented installation,283
283,"Smith, Denesik and Dickens",China,2020-02-23T11:12:58Z,Decentralized 5th generation conglomeration,284
284,Bergstrom-Jakubowski,China,2021-01-21T04:16:33Z,Focused maximized matrices,285
285,Hahn-Ortiz,Greece,2020-09-06T05:01:10Z,Visionary 3rd generation hardware,286
286,Leannon and Sons,Poland,2021-04-27T03:59:59Z,Re-contextualized multimedia projection,287
287,Ondricka-Lockman,China,,Phased scalable application,288
289,Hodkiewicz Group,Russia,2019-11-16T05:00:44Z,Fully-configurable demand-driven encryption,290
290,"Walter, Kuphal and Altenwerth",France,2019-11-07T15:25:09Z,,291
291,Gleichner Group,Philippines,2019-11-24T07:35:52Z,Adaptive didactic emulation,292
292,Kunde Group,Kyrgyzstan,2020-05-26T05:20:35Z,Persistent heuristic instruction set,293
293,"Toy, Farrell and Jakubowski",Canada,2021-05-20T09:03:32Z,,294
294,Schoen-Spencer,Ghana,,Reactive background Graphic Interface,295
295,"Herman, Weber and Okuneva",,,User-friendly actuating website,296
296,Skiles Group,Portugal,2020-12-18T07:38:34Z,,297
297,Runolfsdottir Inc,Philippines,2018-12-30T16:54:51Z,Total scalable data-warehouse,298
298,"Hermann, Yundt and Labadie",France,2019-06-02T01:32:17Z,Optimized cohesive open system,299
299,Auer and Sons,China,2019-01-29T13:53:14Z,,300
300,Abshire-Carter,China,,Object-based scalable model,301
301,Cassin-Kunze,Indonesia,2021-04-04T01:30:11Z,,302
302,"Ondricka, Emard and Reilly",Poland,2020-06-09T17:47:00Z,Adaptive explicit artificial intelligence,303
303,Durgan-Armstrong,Greece,2021-07-18T14:35:19Z,Up-sized bifurcated emulation,304
304,"Lesch, Mraz and Bayer",Philippines,2020-01-20T09:54:24Z,Secured logistical architecture,305
305,Bashirian-Dooley,Saudi Arabia,2021-05-24T20:02:30Z,Business-focused multi-tasking matrices,306
306,Sanford-Sporer,Philippines,2020-02-24T02:54:19Z,,307
307,Ernser-Dach,France,2019-01-11T03:06:26Z,Intuitive intermediate function,308
308,Quigley-Abshire,United States,2021-10-24T02:56:04Z,Streamlined secondary pricing structure,309
309,Hudson-Brekke,Ukraine,2020-06-08T01:05:41Z,,310
310,"Cruickshank, Rath and Lang",Indonesia,2019-02-13T09:16:38Z,,311
311,"Bruen, Rempel and Welch",Spain,2019-06-16T14:55:55Z,Extended 5th generation database,312
312,Predovic LLC,Portugal,2018-12-11T10:48:15Z,Quality-focused local interface,313
313,O'Connell LLC,Brazil,2021-05-11T14:10:40Z,Diverse executive approach,314
314,Schuster and Sons,Indonesia,2020-09-23T13:45:05Z,Self-enabling encompassing info-mediaries,315
315,"Sporer, Windler and Schulist",United States,2020-06-21T23:26:52Z,Re-engineered asymmetric project,316
316,"Pagac, Watsica and Wilkinson",Philippines,2018-09-09T13:57:17Z,Organic solution-oriented projection,317
317,Littel Group,,2018-12-25T10:23:25Z,Function-based client-driven installation,318
318,Bayer-Lebsack,Ukraine,2021-02-11T15:10:41Z,Synergistic methodical parallelism,319
319,Hills-Hagenes,,2018-09-11T21:44:48Z,,320
320,Connelly and Sons,Spain,2020-06-16T07:52:27Z,Realigned high-level solution,321
321,"Reilly, VonRueden and Emmerich",Philippines,2020-03-17T01:19:51Z,Grass-roots hybrid throughput,322
322,Wisozk Inc,Russia,2019-12-26T06:39:55Z,Exclusive multi-tasking strategy,323
323,Mayer-Witting,Brazil,2021-08-01T16:39:54Z,Progressive reciprocal forecast,324
324,"Murazik, Murray and Bahringer",Greece,2020-02-21T19:03:27Z,Multi-tiered reciprocal projection,325
325,Wunsch Inc,China,2021-06-26T04:13:39Z,Decentralized needs-based alliance,326
326,Robel Inc,Venezuela,2019-04-29T03:58:00Z,Expanded background focus group,327
327,Feil LLC,China,2020-05-21T11:33:28Z,Secured exuding benchmark,328
328,Homenick LLC,Philippines,2020-10-25T04:35:39Z,Multi-layered holistic policy,329
329,Crona-Legros,Indonesia,2019-08-02T04:44:42Z,Ergonomic real-time support,330
330,"Beahan, Ferry and Jenkins",Indonesia,2018-10-15T05:07:51Z,Front-line 4th generation superstructure,331
331,"Emmerich, Lindgren and Bergstrom",,,Robust bi-directional matrices,332
332,Schmidt-Howe,Armenia,2018-09-17T07:44:40Z,Public-key contextually-based leverage,333
333,"Little, MacGyver and Roberts",Norway,2021-01-10T18:34:06Z,Front-line contextually-based challenge,334
334,Hermiston-Runte,China,2020-11-29T20:35:38Z,Synergized local capability,335
335,"Hirthe, Rolfson and McLaughlin",Malaysia,2020-02-16T19:25:31Z,Self-enabling stable approach,336
336,"Bruen, Cummings and Leannon",Iran,2020-01-09T16:24:30Z,Seamless high-level framework,337
337,Kunde Inc,Philippines,2020-10-11T12:04:34Z,Object-based bi-directional superstructure,338
338,"Nienow, Hirthe and Bahringer",,2019-07-12T09:47:55Z,User-friendly global approach,339
339,O'Conner-Ratke,United States,2019-02-23T00:46:09Z,Fundamental upward-trending contingency,340
340,Shields Group,China,2018-12-09T18:18:19Z,Right-sized foreground conglomeration,341
341,"Champlin, Durgan and Bartell",China,2019-09-24T00:59:03Z,Proactive solution-oriented service-desk,342
342,"Dach, Gusikowski and Bergnaum",Portugal,2019-10-05T08:49:33Z,Function-based tangible software,343
343,Wuckert Inc,Poland,2020-11-17T15:23:39Z,Cloned web-enabled product,344
344,"Mann, Hyatt and Gottlieb",Indonesia,2021-02-11T04:53:41Z,,345
345,Stanton-Runte,Portugal,2021-02-05T03:26:03Z,Reduced transitional open architecture,346
346,Schaden-Reilly,,2021-08-13T22:34:13Z,Configurable full-range function,347
347,Littel Inc,China,2018-12-21T16:51:31Z,Open-source optimal policy,348
348,Bayer-Hartmann,Indonesia,2020-11-29T21:12:10Z,Centralized needs-based standardization,349
349,"Terry, Roob and Brekke",Bosnia and Herzegovina,2021-08-19T00:46:35Z,Persevering tertiary leverage,350
350,"Windler, Towne and Rau",Syria,,Optional high-level hierarchy,351
351,Boyle Inc,Canada,2019-02-15T19:48:14Z,Persevering explicit capacity,352
352,"Hickle, Rice and Cartwright",Nicaragua,2018-11-22T16:26:37Z,Advanced motivating website,353
353,"Mohr, Cormier and Howe",Indonesia,2019-06-15T08:26:38Z,Cross-group high-level workforce,354
354,"Schaefer, Hyatt and Franecki",,2019-11-04T11:23:28Z,Ergonomic neutral orchestration,355
355,Runte Group,Philippines,2020-07-21T23:12:54Z,Ameliorated tangible paradigm,356
356,Becker-Herzog,,,Intuitive tangible methodology,357
357,Kunde-Toy,China,,Automated high-level methodology,358
358,"Rath, Hintz and Ortiz",Brazil,2021-10-30T23:13:48Z,,359
359,"Batz, Baumbach and Reichel",China,2019-06-09T11:11:20Z,Face to face didactic neural-net,360
360,"Bednar, Kozey and Veum",China,2019-11-01T08:43:20Z,Synergistic high-level challenge,361
361,Jast LLC,Finland,2020-06-25T01:11:11Z,Fully-configurable holistic hardware,362
362,Gutmann-Maggio,Russia,2018-10-01T06:12:58Z,Realigned mobile toolset,363
363,Klocko LLC,Sweden,2019-09-26T07:00:24Z,Pre-emptive didactic concept,364
364,Schaden-Price,China,,Customer-focused mobile focus group,365
365,Kohler-O'Hara,France,2021-04-25T17:04:47Z,Business-focused grid-enabled concept,366
366,"Frami, Balistreri and Halvorson",Pakistan,2019-05-02T21:39:43Z,Re-contextualized leading edge intranet,367
367,Sauer-Goyette,Brazil,2020-01-03T19:48:32Z,Balanced background frame,368
368,Conroy-Nienow,China,2019-04-10T00:07:39Z,Configurable user-facing structure,369
369,"Robel, Heller and Jacobi",Croatia,2020-06-12T05:08:48Z,Universal incremental website,370
370,"Ledner, Boyer and Sporer",Russia,2021-07-27T20:32:53Z,De-engineered attitude-oriented focus group,371
371,Kemmer-Ratke,China,2019-11-24T12:26:27Z,Front-line human-resource service-desk,372
373,Haag Inc,Bulgaria,,Right-sized systematic Graphic Interface,374
374,VonRueden Inc,Indonesia,2018-11-16T17:45:29Z,Profound uniform model,375
375,White Inc,Czech Republic,2019-03-28T15:38:33Z,,376
376,Heathcote LLC,China,2019-03-14T15:10:52Z,Open-source composite help-desk,377
377,"Kohler, Grant and Ledner",Philippines,2021-04-09T12:20:47Z,,378
378,Hermann-Block,China,2020-02-10T17:47:51Z,Networked tertiary task-force,379
379,Howell-Wunsch,Brazil,2019-09-19T19:08:33Z,Adaptive zero administration system engine,380
380,Aufderhar LLC,Sweden,2019-11-03T08:31:07Z,Realigned explicit Graphical User Interface,381
381,Steuber-Legros,New Zealand,2020-01-15T14:03:13Z,Networked clear-thinking methodology,382
382,Mosciski Inc,Nigeria,2020-07-21T21:01:03Z,Devolved multimedia array,383
383,Rath Group,Spain,,Synergized systematic alliance,384
384,"Carter, Cruickshank and Lakin",Portugal,2019-10-30T04:30:52Z,Programmable high-level middleware,385
385,Morissette Group,Indonesia,2021-08-12T10:43:35Z,Re-contextualized value-added local area network,386
386,Kuhn-Gislason,China,,Fully-configurable clear-thinking hardware,387
387,Lindgren-Medhurst,Russia,2019-01-24T06:49:28Z,Open-architected zero administration hierarchy,388
388,Roberts-Murphy,Honduras,2020-07-08T20:54:59Z,Streamlined regional service-desk,389
389,O'Reilly-Okuneva,Philippines,2018-09-27T21:58:34Z,Cross-group multi-tasking hierarchy,390
390,Kub-Schoen,United States,2020-08-21T08:09:17Z,Vision-oriented scalable projection,391
391,Mayert-Bins,Sweden,2020-05-28T13:33:39Z,Enterprise-wide encompassing moderator,392
392,Effertz-Terry,Guatemala,2021-05-30T10:59:51Z,Grass-roots optimizing superstructure,393
393,Little LLC,,2021-04-07T19:27:19Z,Fully-configurable encompassing alliance,394
394,"Graham, Klocko and Vandervort",China,2020-03-27T23:42:01Z,Persistent global forecast,395
395,Hahn Inc,China,2019-11-12T04:08:36Z,Exclusive composite budgetary management,396
396,"Bergnaum, Hills and Kovacek",New Zealand,2019-08-01T18:26:40Z,Multi-tiered mission-critical encoding,397
397,Gerlach LLC,Poland,2021-11-14T11:35:08Z,Proactive systemic algorithm,398
398,Mueller-Hermann,Albania,2019-04-27T16:23:09Z,Assimilated dynamic paradigm,399
399,Price LLC,China,2019-12-17T13:50:01Z,Future-proofed non-volatile open architecture,400
400,O'Kon-Sipes,Armenia,2018-09-28T00:57:51Z,Networked reciprocal benchmark,401
401,Schiller LLC,China,2020-08-06T02:21:09Z,Networked encompassing strategy,402
402,"Conn, Conn and Gibson",,2020-03-30T01:30:52Z,Business-focused homogeneous collaboration,403
403,"Veum, Dickinson and Skiles",China,2020-08-18T00:52:27Z,Ergonomic zero defect matrices,404
404,Berge and Sons,Czech Republic,2021-03-19T04:03:43Z,Up-sized background productivity,405
405,Marquardt LLC,Philippines,2021-01-20T06:50:15Z,Profound composite analyzer,406
406,Kunde-O'Conner,,2020-08-23T22:37:58Z,Organic interactive framework,407
407,Strosin-Zulauf,Philippines,2019-07-08T13:45:15Z,Quality-focused tangible adapter,408
408,"Hirthe, Cremin and Simonis",,,Front-line client-driven collaboration,409
409,"Nader, Kuvalis and Bailey",China,2020-08-31T02:43:44Z,Quality-focused upward-trending focus group,410
410,Berge-O'Hara,Indonesia,2020-03-13T20:11:01Z,,411
412,Grant-Rippin,Portugal,2018-12-09T09:17:44Z,,413
413,Kshlerin-Kiehn,Ukraine,2019-02-03T21:33:16Z,,414
414,Anderson-Toy,Indonesia,2020-09-08T16:16:41Z,Business-focused solution-oriented system engine,415
415,Connelly Inc,Argentina,2021-04-27T03:15:29Z,Upgradable interactive analyzer,416
416,Rau-Jacobson,China,2020-09-05T23:59:29Z,,417
417,Flatley LLC,Argentina,2020-06-04T01:25:03Z,,418
418,Hudson LLC,Philippines,2021-09-19T00:14:37Z,Adaptive cohesive support,419
419,"Satterfield, Armstrong and Padberg",,2019-10-31T00:10:29Z,Automated transitional hub,420
420,Anderson LLC,Luxembourg,2019-03-30T15:37:06Z,Versatile grid-enabled initiative,421
421,Marvin Group,Indonesia,2019-09-05T22:22:48Z,Grass-roots asymmetric toolset,422
422,McKenzie Group,Portugal,2019-02-12T08:40:01Z,,423
423,Wisozk-Schaden,United States,2020-08-16T18:05:41Z,,424
424,Kris Group,Poland,2019-05-29T01:18:32Z,Organized dedicated database,425
425,"Abshire, Gulgowski and Marquardt",,2018-11-05T15:07:28Z,User-centric directional frame,426
426,Maggio-Swaniawski,Panama,2021-01-10T02:06:13Z,Fundamental demand-driven product,427
427,Kertzmann LLC,Indonesia,2021-01-10T05:11:46Z,,428
428,Cruickshank Inc,Canada,2021-02-01T16:45:47Z,Fundamental solution-oriented leverage,429
429,"Stark, Fahey and Cremin",Uganda,,Extended exuding hardware,430
430,Kessler-Hyatt,South Korea,2018-11-23T18:59:19Z,Reverse-engineered 24 hour matrices,431
431,DuBuque Group,China,2020-10-27T23:54:01Z,Synergized local infrastructure,432
432,Williamson-Kerluke,Martinique,2021-02-09T01:08:47Z,,433
433,Welch-West,Indonesia,2020-04-15T06:18:01Z,Fully-configurable full-range array,434
434,"Lind, Stoltenberg and Bergnaum",Brazil,2020-01-01T07:39:09Z,Organized zero defect toolset,435
435,"Lehner, Leffler and Osinski",China,2019-02-22T12:47:22Z,Multi-lateral 4th generation orchestration,436
436,Walsh LLC,,2021-10-30T03:52:23Z,,437
437,"Connelly, Schmitt and Hansen",China,2020-06-30T13:41:26Z,Down-sized multimedia monitoring,438
438,Harber-Sanford,Philippines,2021-10-27T00:02:29Z,Monitored contextually-based portal,439
439,Bauch Inc,Philippines,2019-12-15T14:21:23Z,Switchable foreground application,440
440,"Roberts, Boehm and Bailey",Thailand,2019-05-04T23:33:36Z,Profit-focused empowering algorithm,441
441,Yost-Upton,Ukraine,2021-06-18T09:34:15Z,Versatile 5th generation leverage,442
442,Johnson Group,Indonesia,2021-04-28T11:57:58Z,,443
443,"Kemmer, Sawayn and Wisoky",,2021-03-02T12:11:18Z,,444
444,Bruen-Barrows,China,2021-10-11T16:19:09Z,Team-oriented tangible complexity,445
445,"Lueilwitz, Lesch and Gottlieb",Netherlands,2020-12-14T10:31:47Z,Re-engineered fresh-thinking strategy,446
446,Schroeder-Gottlieb,Madagascar,2020-07-31T18:31:47Z,Inverse maximized policy,447
447,"Feeney, Trantow and Keeling",Kenya,2019-01-29T04:58:14Z,,448
448,"Morissette, Witting and Marquardt",,2020-08-26T13:33:06Z,Automated heuristic capacity,449
449,Price-Thiel,,2019-03-21T14:10:29Z,Vision-oriented real-time orchestration,450
450,D'Amore Inc,Tanzania,2019-06-02T14:03:16Z,,451
451,"Brekke, Hermann and Russel",Ireland,2021-08-15T12:33:51Z,Synergistic human-resource archive,452
453,Harber-Bosco,China,2021-07-22T23:57:21Z,Realigned human-resource local area network,454
454,Kshlerin Inc,Czech Republic,2019-04-15T05:41:17Z,Robust well-modulated moderator,455
455,DuBuque Inc,China,2019-03-28T18:55:43Z,Horizontal heuristic time-frame,456
456,"Wyman, Lakin and Upton",China,2019-06-23T11:38:59Z,Reactive dedicated internet solution,457
457,Abshire Group,Peru,2020-03-03T19:24:35Z,Team-oriented solution-oriented knowledge base,458
458,Crooks Inc,China,,Optimized analyzing architecture,459
459,Morissette-Ruecker,Madagascar,2021-04-22T00:54:12Z,Reactive needs-based strategy,460
460,Olson LLC,Portugal,2021-07-04T18:21:05Z,Focused global paradigm,461
461,Streich and Sons,China,2021-11-10T16:17:44Z,,462
462,Franecki-Berge,Croatia,2019-09-01T19:38:18Z,Distributed stable parallelism,463
463,Erdman-Ward,Democratic Republic of the Congo,2020-07-23T05:37:11Z,Integrated 6th generation task-force,464
464,"Rau, Harvey and Ritchie",Greece,2020-07-03T05:44:07Z,Intuitive content-based moderator,465
465,"Vandervort, Ortiz and Corkery",Philippines,2020-09-02T21:35:15Z,,466
466,"Turcotte, Trantow and Kozey",Sweden,2020-10-28T14:09:09Z,,467
467,"Krajcik, Ferry and Kemmer",Japan,2019-05-04T12:24:06Z,Polarised uniform open architecture,468
468,Dare-Buckridge,Philippines,2018-09-16T01:08:42Z,Robust analyzing system engine,469
469,"Brakus, Sanford and Tremblay",China,2019-02-27T12:24:46Z,Customer-focused 6th generation adapter,470
470,"Hansen, Schinner and Conroy",Poland,2021-01-22T00:19:11Z,Team-oriented regional service-desk,471
471,Wehner and Sons,United States,,Digitized radical capability,472
472,Prohaska-Hilpert,Portugal,2018-09-03T10:40:17Z,Expanded grid-enabled open architecture,473
473,Stokes and Sons,China,2021-01-17T11:32:37Z,De-engineered intermediate secured line,474
474,Leuschke LLC,Central African Republic,2021-01-17T20:42:47Z,Assimilated zero tolerance portal,475
475,"Koss, Zemlak and Hamill",Venezuela,2020-09-12T11:21:58Z,Intuitive methodical projection,476
476,Watsica Inc,Portugal,2019-12-21T03:09:22Z,Multi-layered bi-directional functionalities,477
477,Bailey-Murray,Indonesia,2019-10-28T03:52:22Z,Progressive tertiary complexity,478
478,Harvey-Legros,Indonesia,2019-04-20T23:51:01Z,Grass-roots mobile matrix,479
479,Rogahn-Hettinger,China,2020-03-15T21:33:13Z,Future-proofed optimizing help-desk,480
480,"Jast, Boyle and Flatley",Russia,,Multi-tiered cohesive hardware,481
481,Bins LLC,Armenia,2021-09-26T22:05:35Z,Horizontal web-enabled middleware,482
483,Fahey and Sons,Morocco,2020-12-26T02:43:13Z,,484
484,"Swift, Deckow and Hauck",Russia,2021-11-13T01:10:16Z,Enterprise-wide fresh-thinking task-force,485
485,Christiansen and Sons,China,2019-10-29T09:44:08Z,,486
486,"Moore, Lind and Lebsack",Brazil,,,487
487,Heaney-Graham,,2020-08-12T18:28:48Z,Extended bi-directional artificial intelligence,488
488,Langworth-Stamm,Pakistan,2021-05-06T05:07:20Z,Future-proofed systematic archive,489
489,"Harris, Reinger and Bauch",Ukraine,2019-09-19T13:55:31Z,Expanded disintermediate knowledge user,490
490,Stoltenberg-Jacobi,,2020-09-27T03:03:50Z,Mandatory encompassing hardware,491
491,Kautzer LLC,Brazil,2020-10-29T12:07:27Z,Function-based 6th generation open architecture,492
492,"Ritchie, Pfeffer and Gerhold",Philippines,2018-09-07T00:15:14Z,Optional modular project,493
493,"Stracke, Hayes and Cremin",China,,Extended zero tolerance support,494
494,Lesch and Sons,Portugal,2019-10-01T06:08:49Z,Diverse methodical benchmark,495
495,"Carroll, Tillman and Boyer",Colombia,2020-09-16T09:18:39Z,Optional impactful time-frame,496
496,"Kirlin, Conn and Lebsack",China,2021-07-18T15:13:25Z,,497
497,"Bartoletti, Schaden and Gutmann",Cameroon,2021-04-22T04:50:05Z,Re-engineered directional extranet,498
498,"McGlynn, Baumbach and Paucek",Honduras,,Programmable attitude-oriented customer loyalty,499
500,Abbott-Blick,Colombia,2020-05-01T11:25:02Z,Stand-alone clear-thinking workforce,501
501,"Hermann, Dicki and Rath",,2021-08-23T08:26:03Z,Enterprise-wide homogeneous hub,502
502,D'Amore and Sons,China,2020-06-30T23:45:15Z,Realigned empowering database,503
503,Sawayn-Kling,China,,Assimilated logistical algorithm,504
504,Paucek LLC,Vietnam,2019-09-26T14:47:00Z,Function-based methodical Graphic Interface,505
505,Gleichner and Sons,United States,2021-08-16T14:57:46Z,,506
506,"Mayer, Connelly and Murphy",Tajikistan,2018-11-09T16:57:26Z,Persevering solution-oriented time-frame,507
507,Ruecker and Sons,,2021-07-29T07:41:55Z,Future-proofed incremental workforce,508
508,Schmitt-Turcotte,Qatar,2021-10-14T13:39:26Z,Right-sized hybrid database,509
509,"Blick, Hermiston and Veum",Philippines,2018-11-20T13:56:22Z,Vision-oriented static initiative,510
510,Grady-Collins,Vietnam,2021-02-25T14:16:30Z,,511
511,"Koelpin, Boyer and Greenholt",Argentina,2019-02-16T10:35:39Z,Customizable neutral orchestration,512
512,Reichel-Ankunding,Indonesia,2019-09-21T13:33:09Z,Advanced asymmetric analyzer,513
513,"Green, Schmeler and Rolfson",Jordan,2021-06-03T04:01:49Z,,514
514,Abbott LLC,Guyana,2021-09-26T11:45:42Z,Proactive value-added protocol,515
515,"Ryan, Bernhard and Predovic",Mexico,2020-01-15T20:09:37Z,Open-architected foreground intranet,516
516,Abernathy-Ortiz,Tanzania,2020-03-21T05:40:05Z,Streamlined demand-driven database,517
517,Hyatt-Strosin,Indonesia,2020-08-19T15:41:00Z,Multi-tiered grid-enabled standardization,518
518,"Luettgen, Bernier and Barton",China,2020-06-09T15:16:58Z,Business-focused client-server instruction set,519
519,Bashirian and Sons,Uganda,2020-01-27T13:40:53Z,Phased heuristic secured line,520
520,Nienow-Schuster,Indonesia,,Distributed fresh-thinking functionalities,521
521,Schroeder-Schimmel,Indonesia,2019-12-11T17:21:23Z,Cross-platform reciprocal database,522
522,Moore Group,Portugal,2018-11-14T20:54:38Z,Expanded clear-thinking solution,523
523,Little and Sons,Indonesia,2020-12-10T02:02:35Z,Mandatory mission-critical structure,524
524,Will LLC,Slovenia,2020-12-18T23:46:16Z,Focused homogeneous conglomeration,525
526,O'Connell-Hand,Greece,2019-01-28T09:57:40Z,Cloned zero administration time-frame,527
527,"Daugherty, Fay and Steuber",Kazakhstan,,,528
528,"Ankunding, Von and Kertzmann",Philippines,2020-12-23T08:58:26Z,,529
529,Tillman-Lowe,Brazil,,,530
530,Hamill-Blanda,China,2019-11-17T22:18:15Z,Grass-roots analyzing hardware,531
531,"Quigley, Vandervort and Quigley",Chile,2021-01-12T15:08:42Z,Proactive systemic capability,532
532,Moen LLC,Indonesia,2020-08-01T13:48:39Z,Function-based composite architecture,533
533,Brown-Funk,Brazil,2018-09-18T06:36:31Z,,534
534,Thiel LLC,Brazil,2020-02-10T09:17:31Z,,535
535,Jast-Ondricka,China,2021-01-02T17:53:18Z,Secured composite secured line,536
536,Jakubowski-Gutkowski,Indonesia,2020-12-12T12:28:25Z,Re-engineered well-modulated customer loyalty,537
537,"Smitham, Bergstrom and Christiansen",Colombia,2019-02-02T14:23:11Z,,538
539,Sawayn LLC,Philippines,,Realigned tangible encryption,540
540,Dach-Kuhic,,,Object-based uniform emulation,541
541,Schowalter Group,Brazil,,Function-based asymmetric methodology,542
542,"Lockman, Legros and Hickle",Latvia,2021-01-02T10:58:43Z,Business-focused cohesive approach,543
543,Lubowitz Inc,Brazil,2021-07-16T01:45:58Z,Switchable value-added flexibility,544
544,Cummerata Group,Afghanistan,2020-04-02T21:04:54Z,Extended impactful productivity,545
545,Daugherty Group,Indonesia,2021-07-17T03:21:15Z,Automated foreground workforce,546
546,"Franecki, Dickens and Blick",Canada,2019-03-17T02:39:08Z,Implemented executive structure,547
547,Kertzmann Group,Indonesia,2019-08-22T13:38:49Z,Ameliorated actuating standardization,548
548,Pfannerstill-Crist,Serbia,,Synergistic logistical Graphical User Interface,549
549,"Yost, Wilderman and Grant",China,2021-11-20T00:56:46Z,Persistent scalable array,550
550,"Weimann, MacGyver and Koss",Greece,2020-11-04T22:28:12Z,Ergonomic executive benchmark,551
551,Leffler-Hermann,France,2021-04-26T22:51:50Z,Switchable dedicated neural-net,552
552,"Farrell, Purdy and Frami",China,2021-07-22T22:53:03Z,Integrated zero defect contingency,553
553,Kohler-Medhurst,Russia,2021-07-16T02:19:37Z,Fundamental global solution,554
554,"Wuckert, Kunde and Bruen",Canada,2021-03-01T01:53:14Z,Open-source composite matrices,555
555,"Fadel, Quitzon and Ledner",Brazil,2020-12-19T22:56:48Z,Implemented empowering conglomeration,556
556,Hermann-Gulgowski,Peru,2021-02-23T22:34:14Z,Face to face clear-thinking customer loyalty,557
557,Crooks-Konopelski,Poland,2021-09-03T11:37:36Z,Future-proofed national pricing structure,558
558,Hauck-Kovacek,Philippines,2020-09-17T14:03:18Z,Cross-platform local core,559
559,Carter Group,Indonesia,2021-05-03T10:46:38Z,,560
560,Balistreri-Homenick,Indonesia,,,561
561,Weissnat and Sons,China,2020-12-28T17:21:40Z,Optional responsive interface,562
562,Moore-Will,China,2021-06-04T02:47:42Z,Synergized responsive moderator,563
563,Morar Inc,Czech Republic,2019-10-21T19:50:36Z,Reactive motivating circuit,564
564,"Murphy, Gusikowski and Torp",Western Sahara,2021-07-05T01:39:10Z,Monitored background solution,565
565,Swaniawski-Thompson,Sweden,2021-11-25T16:54:14Z,Integrated static moratorium,566
566,Stamm-Gulgowski,,,User-centric value-added task-force,567
567,Bruen-Dooley,Yemen,,,568
568,Bailey and Sons,Colombia,2021-09-16T05:35:41Z,,569
569,Littel LLC,Dominican Republic,2021-09-27T19:08:07Z,Decentralized solution-oriented alliance,570
570,Blanda-Stark,China,2020-08-31T20:25:35Z,Synchronised 6th generation challenge,571
571,"Bailey, Feest and Rodriguez",,,Focused client-driven paradigm,572
572,"Shields, Herzog and Bailey",Afghanistan,2019-03-12T16:39:10Z,,573
573,Cole-Zulauf,Tunisia,2021-03-23T19:12:42Z,,574
574,"Barrows, Cartwright and Heidenreich",Uganda,2019-09-18T09:30:17Z,Switchable static emulation,575
575,"Fahey, Gibson and Spencer",China,2019-07-31T02:22:39Z,Networked tangible adapter,576
576,Gislason and Sons,China,2020-10-23T03:15:10Z,Universal intermediate monitoring,577
577,O'Hara Group,Argentina,2020-10-26T09:08:10Z,Optimized dedicated alliance,578
578,Larkin-Barton,Russia,2021-07-06T15:44:55Z,,579
579,Pfannerstill Group,China,,Advanced object-oriented budgetary management,580
580,Hand Group,Bulgaria,2021-04-04T22:43:34Z,,581
581,"Will, Armstrong and Jast",Brazil,2020-07-16T04:14:41Z,Customer-focused 24/7 internet solution,582
582,Grimes and Sons,Portugal,2019-02-04T15:33:01Z,Compatible zero administration strategy,583
583,Stark-O'Reilly,,2020-02-20T08:36:27Z,Mandatory logistical framework,584
584,"Greenfelder, McCullough and Hansen",Russia,2020-02-03T12:28:44Z,Upgradable intermediate ability,585
585,Kemmer Inc,China,2021-03-20T21:10:10Z,Cross-platform web-enabled support,586
586,O'Keefe-Daniel,South Africa,2019-08-29T17:47:41Z,Right-sized actuating alliance,587
588,D'Amore-Padberg,,2021-01-03T17:03:44Z,Focused fresh-thinking budgetary management,589
589,Ruecker Inc,Sweden,,Reverse-engineered 6th generation forecast,590
590,Stroman Inc,Colombia,2021-01-22T10:37:17Z,Optional 5th generation time-frame,591
591,Waelchi Inc,,2019-10-22T06:20:03Z,Programmable global utilisation,592
592,"Green, Goldner and Sanford",Portugal,,Compatible multi-tasking contingency,593
593,Hammes-Ullrich,,,Centralized empowering archive,594
594,"Hamill, Halvorson and Ledner",China,,Polarised high-level toolset,595
595,"Homenick, Price and Bayer",China,2020-11-27T08:58:54Z,Exclusive grid-enabled neural-net,596
596,Schiller and Sons,Indonesia,,,597
597,Parisian-Kuvalis,Sweden,2020-08-30T12:26:39Z,Versatile asymmetric help-desk,598
598,Gutkowski-Adams,,2019-10-19T03:48:36Z,,599
599,"Lemke, Gottlieb and Dietrich",China,2019-01-03T14:30:11Z,User-centric homogeneous knowledge user,600
600,Volkman and Sons,Indonesia,,,601
601,Jacobi LLC,Yemen,2021-04-03T08:11:59Z,Ameliorated impactful methodology,602
602,Farrell-Feeney,China,2020-01-25T05:49:32Z,Upgradable neutral time-frame,603
603,O'Kon-Weissnat,Mexico,2020-09-14T06:24:06Z,Progressive motivating software,604
604,"Harber, Jast and King",Indonesia,2021-04-29T17:34:04Z,Reverse-engineered human-resource access,605
605,Donnelly-Barton,,2019-01-10T14:05:38Z,Distributed analyzing project,606
606,"Miller, Leannon and Price",Brazil,,Synergistic zero tolerance encoding,607
607,"Fay, Wehner and Huels",Guatemala,2020-08-02T18:21:38Z,Inverse foreground structure,608
608,"Fritsch, Connelly and Morar",Denmark,2019-07-14T21:46:47Z,Multi-lateral methodical interface,609
609,"Hartmann, Greenfelder and Labadie",Germany,2019-02-22T06:36:39Z,Total stable implementation,610
610,"Lakin, Cruickshank and Wintheiser",Philippines,2020-02-03T14:58:57Z,Multi-tiered holistic core,611
611,Koch-Olson,Japan,2019-08-10T15:43:14Z,,612
612,Weissnat-Okuneva,Portugal,,User-centric content-based framework,613
613,"Kreiger, Kling and Stanton",Indonesia,,,614
614,Nikolaus Inc,Thailand,,User-friendly maximized portal,615
615,West-Cremin,Philippines,2020-05-06T03:03:33Z,Universal grid-enabled algorithm,616
616,"Krajcik, Grimes and Schimmel",Norway,2018-10-24T06:17:30Z,Object-based regional portal,617
617,"Hudson, Champlin and Von",Poland,2021-09-21T15:49:51Z,,618
618,Senger Inc,,,Object-based fault-tolerant projection,619
619,Sanford Group,,2020-03-13T13:42:03Z,,620
620,"Waters, Pfeffer and Braun",China,2020-12-31T07:19:39Z,Open-architected hybrid Graphic Interface,621
621,Ritchie Inc,Finland,,Automated impactful migration,622
622,"Ward, Morar and Durgan",China,2020-01-10T23:18:23Z,,623
623,Herman-Zboncak,United States,2020-07-31T14:25:24Z,,624
624,"Mayert, Zieme and Beatty",Sweden,2018-10-15T15:52:41Z,Public-key zero defect circuit,625
625,O'Reilly LLC,Philippines,2019-07-21T22:43:43Z,Extended methodical concept,626
626,Lemke-McGlynn,China,2021-01-16T08:45:02Z,Enhanced content-based time-frame,627
627,"Flatley, Grant and Windler",Russia,2018-11-28T06:16:48Z,,628
628,"Brakus, Kuphal and Conn",Poland,,,629
629,Cartwright Group,Nigeria,2019-11-04T10:18:55Z,Customizable systemic Graphic Interface,630
630,Bernhard-Ruecker,Russia,2019-08-10T04:19:51Z,Networked system-worthy hierarchy,631
631,"Treutel, Thompson and Leffler",Indonesia,2018-12-20T16:04:17Z,Public-key multimedia database,632
632,"Durgan, Becker and Kuvalis",China,2020-04-16T17:54:19Z,Reactive even-keeled artificial intelligence,633
633,"Spinka, Willms and Kozey",,2020-09-13T08:51:59Z,Multi-tiered object-oriented contingency,634
634,"O'Hara, Boyer and Braun",United States,2020-12-16T12:50:36Z,Up-sized secondary productivity,635
635,Metz LLC,Russia,2020-01-18T14:35:09Z,Fundamental radical task-force,636
636,"Wyman, Botsford and Botsford",Reunion,2020-07-05T04:11:49Z,Diverse high-level contingency,637
637,"Kertzmann, Kreiger and Boehm",China,2018-10-07T00:18:50Z,,638
638,Reichel-Bernier,China,2021-04-16T03:36:11Z,Centralized 24 hour alliance,639
639,Gerlach-McLaughlin,,,Secured fresh-thinking definition,640
640,Becker-Wisoky,Poland,2019-09-26T22:44:30Z,,641
641,Carter-Renner,Ecuador,2020-04-20T14:33:45Z,Down-sized attitude-oriented Graphical User Interface,642
642,Hessel LLC,Brazil,2018-11-14T06:33:51Z,,643
643,"Maggio, Hegmann and Mitchell",Iran,2019-02-24T00:20:31Z,Monitored non-volatile service-desk,644
644,Jacobs-Dooley,Greece,,,645
645,Treutel and Sons,Serbia,2021-01-23T03:54:29Z,Down-sized local alliance,646
647,Steuber-MacGyver,,2018-10-22T16:19:22Z,Intuitive high-level functionalities,648
648,Auer Inc,Ukraine,2018-10-24T13:38:20Z,Multi-layered high-level synergy,649
649,Langosh-Lueilwitz,Philippines,2020-10-01T11:32:57Z,Future-proofed object-oriented monitoring,650
650,Lowe Group,Argentina,2020-06-29T10:09:57Z,Balanced optimizing portal,651
651,"Kub, Collins and Turner",China,2019-03-31T15:20:39Z,,652
652,Heidenreich-White,Russia,2018-10-26T21:39:45Z,Streamlined responsive throughput,653
653,Wisozk-Kulas,Vietnam,,,654
654,Jacobi-Renner,France,2021-04-23T16:01:18Z,,655
655,Bode-Waters,United States,2019-11-12T12:57:16Z,Monitored bandwidth-monitored throughput,656
656,Padberg and Sons,Iran,2018-09-06T16:12:17Z,Cloned real-time array,657
657,Reinger LLC,China,2020-12-07T13:13:36Z,Seamless system-worthy database,658
658,Romaguera-Walter,Canada,2021-01-03T18:22:44Z,Ergonomic mobile installation,659
659,"Rau, Gutmann and Rempel",China,,Focused demand-driven utilisation,660
660,Wisozk LLC,Ecuador,2019-03-30T11:38:54Z,Networked maximized forecast,661
661,"Gerlach, Rippin and Hagenes",China,2020-04-05T08:53:09Z,Assimilated mission-critical knowledge user,662
662,"Hills, Crist and Langworth",Czech Republic,2021-08-28T23:57:54Z,Fundamental background process improvement,663
663,Pfannerstill-Corwin,Indonesia,2019-03-23T04:08:33Z,Compatible context-sensitive Graphic Interface,664
664,Kuhlman-Rice,,2019-08-14T07:36:58Z,,665
665,"Oberbrunner, Hettinger and Balistreri",Indonesia,,Reactive directional orchestration,666
666,"Feest, Hamill and Kshlerin",Brazil,2019-12-22T12:26:23Z,Fully-configurable eco-centric definition,667
667,"Johnston, Conn and Schaden",Argentina,2020-06-07T19:27:34Z,Organic uniform internet solution,668
668,"Bruen, Koss and Bernhard",Indonesia,2019-05-02T02:24:46Z,Cross-group multi-state standardization,669
669,VonRueden-Wuckert,China,2021-10-23T18:57:03Z,,670
670,Gibson Group,,2020-11-28T13:23:29Z,Pre-emptive mobile monitoring,671
671,Feeney-Gislason,China,2019-05-25T06:19:12Z,Open-architected background policy,672
672,Rolfson LLC,France,,Total contextually-based standardization,673
673,"Dibbert, Lind and Greenfelder",Brazil,2021-02-19T19:42:27Z,,674
674,Kuhn-Konopelski,Philippines,,Integrated user-facing strategy,675
675,Swaniawski Inc,Indonesia,2021-04-23T23:03:15Z,,676
676,Bashirian-Blick,,2019-11-19T10:40:24Z,Function-based cohesive adapter,677
677,Ward-Hansen,China,2020-11-29T03:57:29Z,Ameliorated optimal knowledge base,678
678,Feest-Hoppe,Greece,2020-08-27T03:07:40Z,Robust logistical service-desk,679
679,"Gottlieb, Nader and Kuhn",China,2019-09-06T04:43:03Z,,680
680,Luettgen Inc,Indonesia,2019-06-09T12:29:59Z,Devolved global toolset,681
681,Schroeder-Kris,Portugal,2019-09-19T14:56:35Z,Integrated optimal definition,682
682,"Hilll, Okuneva and O'Reilly",China,,Reverse-engineered leading edge help-desk,683
683,Treutel-Halvorson,China,,Polarised leading edge firmware,684
684,"Rutherford, Bogan and Schowalter",Japan,2020-10-28T12:58:55Z,Future-proofed interactive approach,685
685,Kessler LLC,El Salvador,2021-08-04T21:00:17Z,,686
686,Zieme LLC,Philippines,2020-03-20T19:22:02Z,Profit-focused maximized leverage,687
687,Hermiston-Heaney,Morocco,2021-06-18T12:36:40Z,Multi-layered foreground artificial intelligence,688
688,Lang and Sons,Indonesia,2020-10-05T20:31:13Z,,689
689,"Beahan, Quitzon and Mitchell",Philippines,2019-05-10T01:11:53Z,Enhanced real-time service-desk,690
690,Turner Inc,China,2019-11-19T20:11:26Z,Polarised encompassing orchestration,691
691,Marvin and Sons,Philippines,2019-08-23T03:13:25Z,Quality-focused uniform pricing structure,692
692,Muller Inc,Nigeria,2021-09-21T15:25:31Z,,693
693,Prosacco and Sons,Indonesia,2020-10-19T06:03:27Z,Multi-tiered human-resource architecture,694
694,Bednar Inc,,,Multi-channelled context-sensitive Graphic Interface,695
695,Braun LLC,Colombia,2021-01-21T02:09:30Z,Innovative mission-critical array,696
696,Larkin Inc,Indonesia,2018-12-28T23:18:51Z,,697
697,"Stroman, Hamill and Kuphal",China,2018-09-05T16:55:16Z,Virtual uniform migration,698
698,Kirlin Group,,2019-12-09T10:03:36Z,Vision-oriented context-sensitive support,699
699,Funk-Roob,China,2020-12-25T12:18:37Z,Re-engineered tertiary project,700
700,Block-Harvey,Japan,2021-07-13T15:04:10Z,,701
701,Fay-Fahey,,2019-01-30T03:56:52Z,,702
703,Hills Group,Indonesia,2019-05-10T10:09:34Z,Customizable dedicated emulation,704
704,"Metz, Hyatt and Daniel",China,2021-10-11T01:58:07Z,Advanced tertiary leverage,705
705,"Hilll, Bartoletti and Hintz",France,2019-07-14T04:48:19Z,User-centric asynchronous project,706
706,Goodwin-Senger,,,Multi-layered explicit function,707
707,Schmeler and Sons,Argentina,2020-06-07T17:27:04Z,,708
708,Reichert-Cronin,Japan,2020-08-27T22:04:13Z,Grass-roots fault-tolerant capacity,709
709,Beer and Sons,United States,2018-12-27T13:53:32Z,Persevering bottom-line knowledge base,710
710,Jenkins LLC,,2019-09-26T23:44:54Z,,711
711,Botsford-Fadel,Croatia,2020-06-05T21:21:34Z,Multi-tiered exuding data-warehouse,712
712,Borer-Bergnaum,China,2019-09-11T14:33:35Z,Fundamental bi-directional function,713
713,"Torphy, Bayer and Heaney",Philippines,2020-02-16T19:52:22Z,Operative dynamic extranet,714
714,Rippin-Schneider,Indonesia,2019-06-04T18:52:52Z,Persevering zero administration Graphic Interface,715
715,"Mosciski, Hyatt and McCullough",Serbia,2021-07-17T16:21:14Z,Expanded actuating parallelism,716
716,"Goldner, Mertz and Smitham",Bolivia,2019-11-17T10:04:37Z,Ergonomic eco-centric access,717
717,Boehm-Simonis,China,2020-06-15T12:25:32Z,User-friendly mission-critical infrastructure,718
719,Stroman Group,China,2021-09-27T18:07:26Z,,720
720,Howell-Smitham,Sierra Leone,2019-11-26T05:31:48Z,Optimized 5th generation info-mediaries,721
721,Franecki-Volkman,Ivory Coast,2021-05-25T01:52:46Z,De-engineered clear-thinking open architecture,722
722,"Bogan, Hermann and Jerde",Sweden,2021-04-25T14:15:15Z,Polarised attitude-oriented forecast,723
723,"McGlynn, Ritchie and Boyer",China,,Diverse system-worthy hardware,724
724,Herzog Group,,2020-04-07T05:16:08Z,,725
725,Mosciski-Trantow,,2018-11-24T15:42:49Z,Enhanced dynamic paradigm,726
726,Cormier LLC,Qatar,2021-01-24T13:27:32Z,Progressive modular service-desk,727
727,Steuber-Hayes,Sweden,2019-12-01T08:34:05Z,Open-architected disintermediate open architecture,728
728,"Spencer, Homenick and Bernhard",Poland,2021-02-12T00:13:09Z,,729
729,"Mills, Dicki and Jakubowski",Indonesia,2020-05-17T22:30:39Z,Enhanced needs-based alliance,730
730,Mann Inc,,2018-11-04T19:34:09Z,Vision-oriented non-volatile budgetary management,731
731,"Klein, Torp and Rippin",France,2019-05-22T11:43:32Z,Re-contextualized global time-frame,732
732,"Kautzer, Robel and Mosciski",Honduras,2020-12-21T06:11:11Z,,733
733,"D'Amore, Heller and Nikolaus",Thailand,,Synchronised zero defect function,734
734,Emmerich Group,Indonesia,,Secured eco-centric capacity,735
735,"Gislason, Jones and Bauch",Czech Republic,2019-06-23T00:29:32Z,,736
736,"Windler, Lang and Reilly",China,2021-11-24T12:18:49Z,Devolved composite utilisation,737
737,Skiles-Douglas,China,2021-04-22T03:47:59Z,Secured even-keeled utilisation,738
738,Altenwerth-Luettgen,China,2019-08-05T12:06:53Z,Cross-platform optimal budgetary management,739
739,Kozey-Hamill,Greece,2021-06-05T05:40:51Z,De-engineered maximized algorithm,740
740,"Parisian, Hirthe and Larson",Venezuela,2020-12-08T12:07:54Z,Visionary homogeneous intranet,741
741,Weissnat Group,China,2021-08-26T01:35:03Z,Switchable needs-based adapter,742
742,Wintheiser-Dooley,Russia,2021-08-16T05:16:53Z,,743
743,Koch Group,,2021-04-24T18:46:35Z,Secured coherent synergy,744
744,"Maggio, Skiles and Treutel",France,2019-10-25T07:09:46Z,Multi-channelled stable focus group,745
745,Harber-McCullough,Canada,2021-04-25T06:42:09Z,Function-based multi-state definition,746
746,Hirthe Inc,Indonesia,2018-11-20T08:38:49Z,,747
748,Gislason-Marvin,China,2020-09-26T18:30:34Z,Fully-configurable national methodology,749
749,"Kuhic, Larkin and Aufderhar",,2018-10-23T13:11:59Z,Horizontal encompassing initiative,750
750,Blick-Ankunding,China,2021-08-24T08:57:41Z,Synergized zero defect matrices,751
751,Beier Group,China,,Fully-configurable actuating service-desk,752
752,"Marks, Blanda and Bartoletti",China,2019-04-29T20:21:21Z,Open-source logistical pricing structure,753
754,"Klein, Howe and Harvey",China,2021-07-09T20:00:05Z,Horizontal next generation benchmark,755
755,Windler Group,China,2019-11-01T15:06:10Z,,756
756,Rempel-Anderson,Poland,2020-02-12T17:24:56Z,Future-proofed clear-thinking middleware,757
757,"Wiza, Keebler and Waters",South Korea,2019-06-24T10:40:24Z,Progressive explicit protocol,758
758,"Bradtke, Moore and Leffler",Serbia,2018-12-12T13:37:35Z,Configurable 6th generation hub,759
759,"Nicolas, Kling and Stanton",China,2019-10-30T06:20:33Z,Upgradable bifurcated capacity,760
760,Kling Inc,Russia,2020-12-17T19:37:20Z,Profit-focused next generation initiative,761
762,Oberbrunner and Sons,China,2020-08-23T03:31:39Z,Programmable eco-centric conglomeration,763
763,Smith-Cremin,Japan,,Cross-platform national encoding,764
764,Langosh LLC,Sweden,2021-05-11T16:35:58Z,Multi-channelled zero administration encryption,765
765,Hyatt-Paucek,Portugal,2019-05-25T23:10:25Z,User-friendly disintermediate adapter,766
766,Borer and Sons,Venezuela,2021-04-07T21:44:27Z,Innovative system-worthy migration,767
767,Effertz-Nitzsche,China,2021-06-14T11:42:53Z,Fundamental clear-thinking toolset,768
768,"Kunze, Padberg and Bergstrom",,,Decentralized homogeneous local area network,769
769,"Strosin, Anderson and O'Hara",Ethiopia,2021-11-11T20:24:51Z,Enhanced bandwidth-monitored orchestration,770
770,"Stanton, Anderson and Reynolds",,2019-07-26T23:42:51Z,Monitored transitional alliance,771
771,Leffler-Hyatt,Denmark,2021-07-17T06:00:46Z,Re-contextualized reciprocal methodology,772
772,Huels LLC,Czech Republic,2018-12-03T14:58:36Z,,773
773,"Miller, Kovacek and Hermann",Syria,2020-10-25T19:23:37Z,Synergized cohesive challenge,774
774,Rice Inc,France,2021-09-23T08:05:26Z,Fundamental client-driven solution,775
775,Ledner and Sons,United States,2021-05-12T02:37:44Z,Down-sized asynchronous process improvement,776
776,Hermiston-Ratke,Czech Republic,2021-10-11T03:30:26Z,Re-contextualized discrete encryption,777
777,"Langosh, Hamill and Dietrich",Peru,,Compatible dedicated initiative,778
778,Balistreri LLC,China,2020-02-14T03:13:30Z,,779
779,"Hagenes, Walsh and Connelly",Bulgaria,2020-11-03T01:23:01Z,Down-sized zero tolerance instruction set,780
780,"Hamill, Jacobson and White",Peru,2020-11-02T23:19:50Z,Integrated scalable frame,781
781,Marks and Sons,Greece,2020-05-24T02:55:51Z,Synchronised regional benchmark,782
782,Veum-Durgan,Indonesia,2020-06-30T20:33:54Z,Down-sized 5th generation database,783
783,"Kassulke, Parisian and Flatley",,2020-12-14T17:26:31Z,Switchable 24/7 customer loyalty,784
784,O'Reilly-Reichel,,2018-11-13T15:35:53Z,,785
785,"Hartmann, Shanahan and Pollich",South Africa,2020-11-30T18:39:58Z,Sharable directional hardware,786
786,"Morar, Bergstrom and Wintheiser",China,2020-10-30T07:37:38Z,Automated systemic installation,787
787,Runolfsdottir LLC,Netherlands,2021-10-18T11:24:23Z,Robust exuding workforce,788
788,Halvorson Group,Poland,2019-10-16T22:30:45Z,Face to face intangible pricing structure,789
789,"Littel, Fay and Wilderman",Ukraine,2020-05-14T07:54:11Z,Re-engineered leading edge structure,790
790,Rice and Sons,Peru,2020-12-04T14:16:40Z,Intuitive directional intranet,791
792,"Harber, Bernhard and Waters",Finland,2021-03-24T21:44:01Z,,793
793,"Torphy, Kovacek and Batz",,2020-10-13T15:48:42Z,Multi-channelled real-time moratorium,794
794,Reichel LLC,Sweden,2021-01-28T11:19:37Z,Upgradable asymmetric emulation,795
795,Wehner Inc,Philippines,2019-10-11T06:48:09Z,,796
796,Jenkins-Witting,Portugal,2018-10-22T16:08:32Z,Open-architected human-resource capacity,797
797,Grady-Hermann,Russia,2019-08-07T18:37:24Z,,798
798,Bode-Schumm,Philippines,2019-10-08T20:50:47Z,Up-sized value-added portal,799
799,"O'Conner, Stiedemann and Becker",Democratic Republic of the Congo,2020-12-19T04:39:24Z,Open-source transitional hub,800
800,Kuhic Group,,2018-10-06T17:16:51Z,Operative exuding info-mediaries,801
801,"McClure, Beahan and Halvorson",France,2021-07-23T03:02:27Z,Business-focused neutral analyzer,802
802,Johns-Lueilwitz,China,2021-03-10T19:20:56Z,Switchable fault-tolerant model,803
803,MacGyver-Schmeler,Thailand,2021-03-22T06:37:37Z,Front-line homogeneous internet solution,804
804,"Krajcik, Littel and McLaughlin",China,2019-08-23T13:26:32Z,Diverse 24 hour service-desk,805
805,Bechtelar Inc,Albania,2019-12-18T13:41:13Z,,806
806,Fisher LLC,Netherlands,2019-04-04T11:53:19Z,Focused regional complexity,807
807,"Fahey, Miller and Champlin",Indonesia,2018-11-06T14:03:16Z,Progressive fault-tolerant methodology,808
808,"Kirlin, Kuvalis and Ankunding",China,2021-03-03T23:20:37Z,Open-source needs-based support,809
809,"Bernier, Trantow and Wyman",Vietnam,2019-12-19T23:50:35Z,,810
810,Williamson and Sons,Indonesia,2020-05-27T23:38:27Z,Programmable stable knowledge user,811
811,Schinner-Bosco,Armenia,2019-05-03T10:56:12Z,Devolved grid-enabled matrix,812
812,"Crooks, Halvorson and Tremblay",Indonesia,2020-01-22T08:04:12Z,Fully-configurable executive solution,813
813,"Christiansen, Pfeffer and Wehner",China,2021-11-01T13:55:45Z,,814
814,Walker-O'Kon,Afghanistan,,Assimilated interactive standardization,815
815,Konopelski-Kassulke,Nauru,2021-05-20T00:46:28Z,Implemented bi-directional middleware,816
816,Aufderhar-Grimes,China,,Configurable zero tolerance task-force,817
817,Carter-Morar,Poland,2019-10-28T21:43:33Z,,818
818,Strosin-Mohr,Russia,2021-09-23T00:48:16Z,Re-engineered maximized flexibility,819
820,Strosin LLC,Philippines,2021-02-13T15:17:36Z,Triple-buffered 24/7 contingency,821
821,Effertz-Stracke,United Kingdom,2020-11-06T12:39:22Z,Fully-configurable modular knowledge user,822
823,Jakubowski-Moen,Armenia,2019-06-30T18:35:24Z,Re-engineered dedicated Graphic Interface,824
824,Dooley LLC,Morocco,2019-04-24T00:03:05Z,Multi-channelled foreground artificial intelligence,825
825,"Kutch, Rippin and Marquardt",Venezuela,2019-08-01T14:30:43Z,Open-architected 5th generation monitoring,826
826,"Howell, Little and Koelpin",Malaysia,,Function-based multi-state data-warehouse,827
827,Kessler Inc,Peru,2019-01-25T15:44:29Z,Extended tertiary projection,828
828,"Runolfsdottir, Luettgen and Greenfelder",Brazil,,Distributed multi-tasking benchmark,829
829,"Conroy, Moen and Carter",Portugal,2021-01-08T03:39:28Z,,830
830,Robel-Keeling,Peru,,,831
831,Bartoletti LLC,Georgia,,Organized user-facing collaboration,832
832,Cormier-Schuster,Russia,,Profit-focused background local area network,833
833,Adams-Weber,Indonesia,2019-08-24T06:26:04Z,Multi-layered motivating installation,834
834,"Spinka, Rempel and Waelchi",Philippines,,Compatible didactic product,835
835,"Koelpin, Dickinson and Little",Nigeria,2021-06-07T19:13:32Z,Versatile encompassing emulation,836
836,"Parisian, Hartmann and Gulgowski",Indonesia,2018-11-27T12:38:49Z,Ergonomic 5th generation time-frame,837
837,Terry-Batz,Philippines,2019-07-17T21:19:01Z,Progressive holistic model,838
838,"Lakin, Jacobs and Bogan",Peru,2019-11-16T23:38:19Z,Decentralized next generation groupware,839
839,Nienow and Sons,,2019-05-02T22:00:28Z,Open-architected user-facing interface,840
840,Lubowitz and Sons,China,2021-04-04T02:41:39Z,Public-key object-oriented policy,841
842,"Rosenbaum, Hills and Gusikowski",China,2021-01-02T20:26:38Z,Re-engineered scalable product,843
844,Homenick Group,Portugal,2019-05-17T14:48:58Z,,845
845,Goldner-Lynch,Indonesia,2020-05-24T00:04:04Z,Sharable didactic matrix,846
846,Becker and Sons,Indonesia,2021-02-08T03:32:49Z,Horizontal discrete flexibility,847
847,"Leannon, Sauer and Collier",Indonesia,2019-03-30T02:28:57Z,Seamless zero administration array,848
848,"Ebert, Romaguera and Zulauf",Djibouti,2020-06-27T03:36:13Z,Managed even-keeled Graphical User Interface,849
849,Buckridge-Koss,Afghanistan,2021-03-02T03:39:37Z,Enhanced 6th generation model,850
850,"Collins, Ankunding and Hessel",,2021-11-18T08:23:42Z,Reactive high-level workforce,851
852,"Ullrich, Feeney and Haley",Sweden,,Managed local capacity,853
853,"Barrows, Botsford and Jerde",Russia,2020-11-03T00:26:22Z,Fundamental system-worthy projection,854
854,"Donnelly, Weissnat and Moore",Tanzania,2021-09-18T10:48:36Z,Organic dedicated encryption,855
856,Champlin and Sons,South Korea,2019-05-10T14:15:49Z,,857
857,"Kunde, Kreiger and Larson",China,2018-12-24T22:41:17Z,Virtual demand-driven service-desk,858
858,"Mann, Durgan and Wilderman",China,2020-08-01T20:53:05Z,Networked regional software,859
859,"Kuphal, Nicolas and Mohr",Czech Republic,2020-06-12T05:23:43Z,Multi-layered attitude-oriented project,860
860,Dibbert-Okuneva,Morocco,2020-12-24T05:02:50Z,Progressive multi-tasking productivity,861
861,"Harvey, Hackett and Haag",Palestinian Territory,2018-12-04T23:22:00Z,Proactive bottom-line time-frame,862
862,"Kunde, Mohr and Durgan",Sweden,,Organic non-volatile middleware,863
863,"Bins, Boyer and Jerde",,2021-08-26T03:12:16Z,Adaptive real-time architecture,864
864,Watsica Group,China,2019-10-08T05:34:31Z,,865
865,Crona and Sons,Portugal,2021-09-22T02:29:40Z,Customizable contextually-based policy,866
866,Flatley Inc,Brazil,,Operative well-modulated synergy,867
868,Fritsch-Bechtelar,,2019-02-11T20:50:31Z,Persistent intermediate task-force,869
869,"Larkin, Abshire and Kozey",Latvia,,Inverse high-level help-desk,870
870,McCullough Group,Slovenia,2020-11-08T17:31:59Z,Automated responsive solution,871
872,Leannon-Fritsch,Palestinian Territory,2020-12-30T03:07:40Z,Expanded multimedia approach,873
873,Bernier-Renner,Russia,2019-07-17T12:21:47Z,Compatible user-facing framework,874
874,Pfannerstill-Trantow,China,2018-12-06T07:21:53Z,Public-key incremental matrix,875
875,Hudson-Larkin,Luxembourg,2018-10-28T15:02:56Z,Function-based 6th generation challenge,876
876,"Robel, Beer and Hudson",Russia,2019-04-25T00:30:16Z,De-engineered bottom-line function,877
877,"Will, Von and Schulist",Portugal,2018-10-08T00:53:13Z,Down-sized asynchronous encoding,878
878,Koss Inc,Vietnam,,,879
879,"Boehm, Casper and Gaylord",Indonesia,2019-07-30T00:18:13Z,Open-architected eco-centric algorithm,880
880,"Mills, Hodkiewicz and Gleason",,2019-05-20T17:25:32Z,Quality-focused regional benchmark,881
881,Reinger-Klocko,Poland,2021-11-17T16:44:08Z,,882
882,Cartwright and Sons,Indonesia,2018-11-18T12:53:11Z,Upgradable interactive core,883
883,Rohan LLC,Bosnia and Herzegovina,2021-09-24T20:22:46Z,Re-contextualized zero defect task-force,884
885,"Kuhlman, Dibbert and Gleason",China,2020-08-16T15:02:04Z,,886
886,Nienow-Kris,Croatia,2019-01-15T12:41:00Z,Up-sized modular customer loyalty,887
887,Daugherty-Crooks,China,2021-08-10T11:20:39Z,Synergistic discrete analyzer,888
888,"Bartoletti, Cole and Hand",Latvia,2019-08-23T05:52:05Z,Integrated heuristic contingency,889
889,Haley-Cartwright,Indonesia,2020-11-07T04:05:22Z,Monitored demand-driven definition,890
890,Gutkowski-Herzog,China,2021-03-01T02:36:06Z,Synergized motivating functionalities,891
891,Hayes Inc,,2020-02-24T19:22:37Z,Function-based explicit neural-net,892
892,"Gusikowski, Rogahn and Jacobson",Sweden,,Monitored bottom-line analyzer,893
894,Simonis-Fadel,Malta,2019-08-08T11:01:21Z,Reverse-engineered hybrid implementation,895
895,Ward-Sporer,Indonesia,2019-01-08T15:28:45Z,Optional didactic moratorium,896
896,Jacobs Group,United States,2020-03-04T03:30:55Z,,897
897,"Terry, Torphy and Kohler",,2020-05-19T21:10:46Z,Progressive modular superstructure,898
898,"Haley, Schaden and Dibbert",China,2020-03-18T08:05:15Z,Synergistic actuating budgetary management,899
899,"Klein, Stanton and Schoen",China,2020-03-31T06:16:42Z,Switchable eco-centric installation,900
900,"Stoltenberg, Carter and Tromp",Canada,2021-07-27T23:39:47Z,Virtual secondary functionalities,901
901,Ziemann-Kertzmann,China,2020-12-27T21:52:36Z,Fundamental zero administration middleware,902
902,Waelchi-Schultz,Bosnia and Herzegovina,2021-10-22T00:08:29Z,Focused systematic project,903
903,Beatty-Bayer,,2020-08-23T06:02:10Z,,904
904,Huels and Sons,Poland,2020-12-28T17:51:05Z,Re-contextualized dedicated database,905
905,"Leuschke, Breitenberg and Treutel",Nigeria,,,906
906,Schaefer-Runolfsson,Peru,2019-08-27T12:36:05Z,,907
907,Bode-Lynch,Madagascar,,Enterprise-wide upward-trending frame,908
908,"Fay, Johnston and Marvin",Ukraine,2021-10-14T21:30:28Z,,909
909,"Langworth, Prohaska and Kessler",Canada,,,910
910,Metz-Watsica,Malaysia,2021-06-30T16:00:46Z,Grass-roots content-based leverage,911
911,Kessler-Fisher,,2019-08-13T19:56:47Z,Intuitive multimedia help-desk,912
912,Jacobson and Sons,Japan,2020-11-01T20:30:25Z,Advanced static knowledge base,913
913,Howe Group,Portugal,2021-05-01T11:07:18Z,De-engineered empowering focus group,914
914,Wyman Group,China,2021-08-26T21:06:12Z,Programmable static database,915
915,"Leffler, Bogisich and Von",Poland,2018-10-22T03:21:53Z,Diverse next generation superstructure,916
916,Stehr-Zboncak,,2019-10-25T13:21:18Z,Seamless disintermediate database,917
917,Jacobs and Sons,Guinea,2021-04-16T18:35:47Z,Virtual transitional methodology,918
918,Bergstrom LLC,Mongolia,2019-09-30T00:14:42Z,Focused empowering focus group,919
919,"Volkman, Strosin and Morissette",Portugal,2019-11-30T09:48:36Z,Persevering local system engine,920
920,"Mitchell, Leffler and Kling",Thailand,,User-centric radical installation,921
921,Dooley Inc,Georgia,,Fundamental upward-trending success,922
922,Schuster-Ritchie,Indonesia,2020-05-18T03:51:10Z,Innovative dynamic algorithm,923
923,Mueller Inc,Finland,2019-09-02T04:48:52Z,Team-oriented 24 hour migration,924
924,Quigley LLC,Colombia,2020-10-31T10:03:04Z,Exclusive cohesive standardization,925
925,"Brown, Mraz and Schmitt",Philippines,2019-03-18T15:53:52Z,,926
926,"O'Keefe, Russel and Hand",Philippines,2019-01-11T14:41:37Z,Assimilated clear-thinking groupware,927
927,Willms Inc,Finland,2021-11-08T00:34:09Z,Multi-tiered tangible framework,928
928,Sporer Group,Norway,,Automated multi-state algorithm,929
929,"Cronin, Rohan and Harris",Israel,2019-05-17T11:51:13Z,Upgradable bifurcated website,930
930,"Koelpin, Harvey and Armstrong",Philippines,2019-02-03T00:25:55Z,Focused clear-thinking encoding,931
931,Ryan-Anderson,Indonesia,2019-05-22T01:22:44Z,Right-sized hybrid internet solution,932
932,Considine Group,Peru,2018-12-09T01:59:18Z,Stand-alone object-oriented encoding,933
933,Robel Group,Armenia,2021-01-24T18:42:54Z,Business-focused multi-state algorithm,934
934,Steuber LLC,China,2021-05-31T22:25:59Z,Secured holistic service-desk,935
935,"Pfeffer, Kerluke and Mann",Greece,2021-06-14T15:33:33Z,Synchronised client-server array,936
936,"Abshire, Considine and Nader",,2021-01-25T17:19:04Z,Proactive national protocol,937
937,Konopelski-Gulgowski,China,2018-12-15T03:59:55Z,Focused disintermediate adapter,938
938,Bayer-Gislason,China,2020-05-17T18:11:40Z,Customizable asynchronous collaboration,939
939,"Kihn, Collins and Sawayn",South Africa,2019-02-16T09:17:44Z,Programmable solution-oriented project,940
940,"Murazik, Barton and Halvorson",Argentina,2020-12-09T05:40:27Z,Automated intangible ability,941
941,Johnston LLC,Indonesia,2020-01-21T09:05:02Z,Advanced static open architecture,942
942,"Schinner, Zieme and Conroy",China,2021-02-28T21:48:18Z,Multi-tiered zero defect projection,943
943,Gutmann LLC,Czech Republic,2020-09-08T12:35:55Z,Phased systematic superstructure,944
944,Hoppe LLC,Portugal,,,945
945,Pacocha and Sons,Indonesia,2021-10-24T08:57:13Z,Multi-channelled even-keeled help-desk,946
946,Pouros-Kertzmann,,2020-07-03T22:28:37Z,Assimilated zero defect monitoring,947
947,Batz Inc,Argentina,2019-10-25T01:39:00Z,Switchable logistical contingency,948
949,Sporer and Sons,China,2020-07-24T20:38:20Z,,950
950,"Champlin, Friesen and Bergstrom",China,2020-03-13T22:51:28Z,Operative user-facing access,951
951,Parisian-Carter,China,2019-01-05T09:01:52Z,Enhanced actuating ability,952
952,"Schoen, Douglas and Howell",China,2020-06-22T08:34:20Z,,953
953,Conn-Terry,Afghanistan,,,954
954,Mertz Inc,China,2021-11-27T20:02:51Z,Re-contextualized full-range parallelism,955
955,Pagac LLC,Mali,2018-10-11T15:33:18Z,,956
956,Hilpert and Sons,Guatemala,2021-01-06T01:38:31Z,Exclusive local intranet,957
957,"VonRueden, Strosin and Hackett",Belarus,2019-02-11T06:08:51Z,Cloned even-keeled circuit,958
958,"Kirlin, Feil and Brakus",Czech Republic,2020-03-09T18:28:29Z,Innovative discrete algorithm,959
959,Bayer-Kshlerin,China,2021-05-16T12:36:30Z,Multi-lateral bi-directional product,960
960,Bernhard Group,Poland,2018-11-14T21:21:22Z,Optional cohesive open architecture,961
962,"Hyatt, Kerluke and McLaughlin",Nicaragua,2019-11-22T04:16:31Z,,963
963,Hoppe and Sons,Kosovo,2018-12-07T03:13:52Z,Synergistic asymmetric portal,964
964,Quitzon LLC,,2019-04-29T02:24:17Z,Reactive national portal,965
965,"Windler, Romaguera and Moen",Mongolia,2019-09-29T04:09:45Z,Reactive directional orchestration,966
966,"Berge, Wyman and Spencer",,2019-08-18T01:47:05Z,Right-sized analyzing adapter,967
967,"Fadel, Frami and Zemlak",Albania,2021-10-12T08:30:05Z,Public-key zero defect product,968
969,Feest and Sons,Japan,2020-03-21T22:50:28Z,Phased clear-thinking core,970
970,"Franecki, Pagac and Schamberger",Japan,,Mandatory 3rd generation intranet,971
971,"Reilly, Wisoky and White",Indonesia,2021-08-19T14:28:58Z,Reactive human-resource application,972
972,"Windler, Mayert and Torphy",Czech Republic,2018-11-14T13:58:25Z,Multi-tiered modular service-desk,973
973,"Gusikowski, Corkery and Rice",South Korea,2021-10-14T06:03:09Z,Focused global alliance,974
974,Muller-Rosenbaum,Cuba,,Customer-focused attitude-oriented workforce,975
975,Kunze Inc,,2019-07-06T09:57:10Z,,976
976,Gutmann Group,,2021-08-25T05:40:21Z,Public-key value-added firmware,977
977,Schneider-Bruen,,2020-10-31T02:29:01Z,Devolved well-modulated orchestration,978
978,Monahan and Sons,,2019-10-27T12:37:41Z,Public-key next generation neural-net,979
979,Brekke-Hane,Brazil,2019-07-20T21:06:25Z,,980
981,"Senger, Schoen and McGlynn",Indonesia,2019-01-10T19:02:00Z,Public-key optimal contingency,982
982,Keebler-Renner,China,2020-07-09T15:21:58Z,Open-source even-keeled projection,983
983,"Torp, Pfannerstill and Kertzmann",China,2019-12-30T06:30:28Z,Profound object-oriented conglomeration,984
984,Daniel-Roob,China,2019-12-02T17:12:22Z,Total coherent moderator,985
986,"Murray, Lubowitz and Nolan",China,2021-10-23T18:05:03Z,Synergistic human-resource implementation,987
987,"Nikolaus, Quitzon and Okuneva",Kazakhstan,2021-08-14T16:10:27Z,Total user-facing internet solution,988
988,Kerluke-Gerlach,Indonesia,2021-07-16T19:09:09Z,Open-source incremental alliance,989
989,Walter-Anderson,Mauritius,2020-04-07T06:45:19Z,Innovative discrete orchestration,990
990,"Wiza, Bruen and Kutch",Indonesia,2020-08-09T08:56:20Z,Open-architected well-modulated infrastructure,991
991,"Runolfsson, Collier and Beer",China,2019-07-24T16:56:51Z,Focused clear-thinking frame,992
992,"Monahan, Armstrong and Senger",Argentina,,Reactive asynchronous infrastructure,993
993,"Jacobson, Jerde and Kling",,,,994
994,Hoeger-Ruecker,China,2019-06-06T17:08:28Z,Optional system-worthy project,995
995,"McClure, Mueller and Stiedemann",Macedonia,2021-04-01T00:09:48Z,,996
997,Torphy-Satterfield,Ukraine,2021-11-07T19:04:14Z,Cloned heuristic project,998
998,Bartell-Hansen,China,2020-06-09T21:52:15Z,Integrated coherent time-frame,999
999,Von-Stark,Ukraine,2020-10-09T23:28:56Z,Programmable responsive local area network,1000
